Workbook

Sheet README
B2: MAVEN SAFETY COUNCIL - Warning Sign Effectiveness Analysis
B4: Project Overview
B5: Role: | C5: Freelance Data Scientist for Maven Safety Council
B6: Requested by: | C6: Stuart Stop, Council President
B7: Subject: | C7: Evaluate if a warning sign significantly reduced car speeds
B8: Dataset: | C8: 300 speed measurements (100 per group: Before, Shortly After, After)
B9: Tools: | C9: Microsoft Excel (T.DIST, T.INV, hypothesis testing)
B12: Key Objectives
B13: 1. Identify the appropriate type of hypothesis test
B14: 2. Perform hypothesis tests (Before vs Shortly After, Before vs After)
B15: 3. Draw conclusions about the sign's effectiveness over time
B18: Tab Descriptions
B19: README | C19: Project overview, objectives, methodology
B20: Raw Data | C20: Original 300 speed measurements (untouched)
B21: Analysis | C21: Hypothesis tests, sample statistics, conclusions
B22: Summary | C22: Key findings and recommendations
B25: Statistical Methods Used
B26: T.DIST.RT(t, df) | C26: Returns the right-tail probability of the t-distribution — used to calculate one-tailed p-values
B27: T.INV(probability, df) | C27: Returns the t-value for a given probability and degrees of freedom — used to find critical values
B28: AVERAGE(range) | C28: Calculates the mean speed for each group (Before, Shortly After, After)
B29: VAR.S(range) | C29: Calculates sample variance — used in standard error and t-statistic formulas
B30: COUNT(range) | C30: Counts the number of observations per group (n = 100 each)
B31: Standard Error Formula | C31: SE = SQRT((s1^2/n1) + (s2^2/n2)) — measures precision of the mean difference estimate
B32: Welch's t-Statistic | C32: t = (x̄1 - x̄2) / SE — tests whether the mean difference is statistically significant
B33: Welch's Degrees of Freedom | C33: Adjusted df formula accounting for unequal variances between groups
B37: Note: All hypothesis tests use the independent two-sample t-test (one-tailed, left) with Welch's correction for unequal variances.

Sheet Raw Data
A1: Before | B1: Shortly After | C1: After
A2: 33 | B2: 28 | C2: 30
A3: 34 | B3: 24 | C3: 30
A4: 32 | B4: 34 | C4: 27
A5: 32 | B5: 34 | C5: 30
A6: 26 | B6: 37 | C6: 25
A7: 22 | B7: 23 | C7: 28
A8: 31 | B8: 32 | C8: 28
A9: 34 | B9: 26 | C9: 28
A10: 31 | B10: 27 | C10: 36
A11: 32 | B11: 26 | C11: 28
A12: 37 | B12: 34 | C12: 36
A13: 29 | B13: 26 | C13: 25
... A101: 33 | B101: 36 | C101: 33

Sheet Analysis
A1: 1. SAMPLE STATISTICS
A3: Metric | B3: Before | C3: Shortly After | D3: After
A4: Sample Size (n) | B4: =COUNT('Raw Data'!A2:A101) -> 100 | C4: =COUNT('Raw Data'!B2:B101) -> 100 | D4: =COUNT('Raw Data'!C2:C101) -> 100
A5: Mean Speed (mph) | B5: =AVERAGE('Raw Data'!A2:A101) -> 29.86 | C5: =AVERAGE('Raw Data'!B2:B101) -> 27.75 | D5: =AVERAGE('Raw Data'!C2:C101) -> 29.81
A6: Variance | B6: =_xlfn.VAR.S('Raw Data'!A2:A101) -> 16.626667 | C6: =_xlfn.VAR.S('Raw Data'!B2:B101) -> 14.593434 | D6: =_xlfn.VAR.S('Raw Data'!C2:C101) -> 11.892828
A7: n - 1 | B7: =B4-1 -> 99 | C7: =C4-1 -> 99 | D7: =D4-1 -> 99
A8: S² / n | B8: =B6/B7 -> 0.16794613 | C8: =C6/C7 -> 0.14740843 | D8: =D6/D7 -> 0.12012958
A12: Interpretation:
A13: Shortly After the sign was placed, mean speed dropped from 29.86 to 27.75 mph (a 2.11 mph reduction). However, After a longer period, the mean speed returned to 29.81 mph — nearly identical to the Before measurement. This suggests the sign's effect may be temporary.
A17: 2. HYPOTHESIS TEST 1: Before vs Shortly After
A19: Parameter | B19: Value
A20: Ho (Null Hypothesis) | B20: Mean difference >= 0 (no reduction)
A21: Ha (Alternative) | B21: Mean difference < 0 (speed reduced)
A22: Significance Level (Alpha) | B22: 0.10 (90% confidence)
A23: Point Estimate (x̄1 - x̄2) | B23: =C5-B5 -> -2.11
A24: Standard Error | B24: =SQRT(B8+C8) -> 0.56156438
A25: Test Statistic (t) | B25: =(B23 - 0)/B24 -> -3.7573608
A26: Degrees of Freedom | B26: =(C8 + B8)^2 / (C8^2/C7 + B8^2 / B7) -> 197.16376
A27: P-Value | B27: =_xlfn.T.DIST(B25,B26,TRUE) -> 0.00011306438
A28: Decision | B28: Reject Ho (P-Value < Alpha)
A31: Interpretation:
A32: With a p-value of 0.000105 (far below alpha 0.10), we REJECT the null hypothesis. There is statistically significant evidence that the warning sign reduced average car speed shortly after being installed. The 2.11 mph reduction is both statistically significant and practically meaningful.
A36: 3. HYPOTHESIS TEST 2: Before vs After (Longer Period)
A38: Parameter | B38: Value
A39: Ho (Null Hypothesis) | B39: Mean difference >= 0 (no reduction)
A40: Ha (Alternative) | B40: Mean difference < 0 (speed reduced)
A41: Significance Level (Alpha) | B41: 0.05 (95% confidence)
A42: Point Estimate (x̄1 - x̄2) | B42: =D5-B5 -> -0.05
A43: Standard Error | B43: =SQRT(D8+B8) -> 0.53672685
A44: Test Statistic (t) | B44: =(B42 - 0)/B43 -> -0.093157256
A45: Degrees of Freedom | B45: =(D8+B8)^2/(D8^2/D7 + B8^2/B7) -> 192.6911
A46: P-Value | B46: =_xlfn.T.DIST(B44,B45,TRUE) -> 0.46293788
A47: Decision | B47: Fail to Reject Ho (P-Value > Alpha)
A50: Interpretation:
A51: With a p-value of 0.4628 (far above alpha 0.05), we FAIL TO REJECT the null hypothesis. There is NO statistically significant evidence that the sign reduced speeds over the longer period. The mean difference is only 0.05 mph — essentially zero. The warning sign's effect has completely worn off.

Sheet Summary
B2: KEY FINDINGS & CONCLUSIONS
B4: Answers to Key Objectives
B6: 1. What type of test is needed?
B7: An independent two-sample t-test (one-tailed, left) using Welch's method to account for unequal variances. We test whether the mean speed After is significantly lower than Before.
B9: 2. Did the sign reduce speed short-term?
B10: YES — The sign reduced average speed by 2.11 mph shortly after installation (p=0.000105). This is statistically significant at the 90% confidence level.
B12: 3. Did the sign reduce speed long-term?
B13: NO — After a longer period, speeds returned to pre-sign levels (mean difference: 0.05 mph, p=0.4628). The effect completely wore off.
B16: Overall Conclusion
B17: The warning sign is effective in the short term but its effect diminishes over time. Drivers initially respond to the new sign by slowing down, but eventually become accustomed to it and return to their original speeds. A static sign alone is not sufficient for sustained speed reduction.
B20: Recommendations
A21: 1 | B21: Rotate or change the sign design periodically to prevent habituation.
A22: 2 | B22: Consider additional measures: speed bumps, electronic speed displays, or enforcement cameras.
A23: 3 | B23: Conduct follow-up measurements at regular intervals (weekly/monthly) to track exactly when the effect starts to fade.
A24: 4 | B24: Test different sign designs or messages to find the most durable impact.
