Workbook

Sheet README
B2: US LABOR STATISTICS - Industry, Wage & Employment Dashboard
B4: Project Overview
B5: Role: | C5: Data Analyst
B6: Subject: | C6: Build an interactive dashboard to explore US labor statistics by industry, state, and year
B7: Dataset: | C7: 1,918 observations across multiple industries, 48 US states, and several years (Establishments, Employees, Avg Annual Wage) + state populations
B8: Tools: | C8: Microsoft Excel (AVERAGEIFS, SUMIFS, INDEX, form controls, charts)
B10: Key Objectives
B11: 1. Compare average wages across industries for a selected year
B12: 2. Visualize wage and employment trends over time for a chosen industry
B13: 3. Compare states by absolute employees and employees-per-1,000-capita
B14: 4. Provide an interactive Dashboard driven by user-selected filters
B15: 5. Normalize employment by state population for fair cross-state comparison
B17: Tab Descriptions
B18: README | C18: Project overview, objectives, tab descriptions, functions used
B19: Data | C19: Raw source — 1,918 rows: Year, Industry, State, Establishments, Employees, Avg Annual Wage
B20: Populations | C20: Reference table — 48 US states and their population (used for per-capita normalization)
B21: Data Prep | C21: Calculation layer — AVERAGEIFS/SUMIFS aggregations driven by Dashboard filters (industry, year, metric toggle)
B22: Dashboard | C22: Final user-facing view — interactive controls, KPIs, and charts powered by Data Prep
B24: Excel Functions & Methods Used
B25: AVERAGEIFS() | C25: Average annual wage filtered by industry and year
B26: SUMIFS() | C26: Total employees filtered by industry, year, and state
B27: INDEX() | C27: Pick the selected industry from a list based on form-control output
B28: IF() | C28: Toggle between absolute wages and per-capita employee metrics
B29: Form Controls | C29: Scroll bar / option buttons on Dashboard for industry and metric selection
B30: Bar / Column Charts | C30: Visualize wage-by-industry comparisons and state rankings
B31: Line Charts | C31: Visualize wage and employee trends over time
B32: SERIES() | C32: Defines each Dashboard chart's data binding — name, category axis, values, and plot order (5 charts on Dashboard)
B34: Key Formulas
B35: Avg Wage by Industry | C35: =AVERAGEIFS(Data!F:F, Data!B:B, <Industry>, Data!A:A, <Year>)
B36: Total Employees | C36: =SUMIFS(Data!E:E, Data!B:B, <Industry>, Data!A:A, <Year>)
B37: Employees per 1,000 Capita | C37: = Employees(state) / Populations!Population * 1000
B38: Industry Selector | C38: =INDEX('Data Prep'!D3:D12, 11 - Dashboard!A1)
B39: Metric Toggle | C39: =IF(Dashboard!A2=1, 'Data Prep'!V2, 'Data Prep'!U2) — switches between Avg Wages and Per-Capita view
B40: Chart Series Binding | C40: =SERIES(<name_ref>, <categories_ref>, <values_ref>, <plot_order>) — links each chart to its 'Data Prep' source

Sheet Data
A1: Year | B1: Industry | C1: State | D1: Establishments | E1: Employees | F1: Avg Annual Wage
A2: 2020 | B2: Natural Resources | C2: Alabama | D2: 1829 | E2: 18051 | F2: 58872
A3: 2020 | B3: Natural Resources | C3: Arizona | D3: 1354 | E3: 35607 | F3: 55216
A4: 2020 | B4: Natural Resources | C4: Arkansas | D4: 2565 | E4: 15961 | F4: 49909
A5: 2020 | B5: Natural Resources | C5: California | D5: 17651 | E5: 425665 | F5: 42534
A6: 2020 | B6: Natural Resources | C6: Colorado | D6: 3312 | E6: 41633 | F6: 91879
A7: 2020 | B7: Natural Resources | C7: Connecticut | D7: 467 | E7: 5260 | F7: 43142
A8: 2020 | B8: Natural Resources | C8: Delaware | D8: 186 | E8: 1317 | F8: 43290
A9: 2020 | B9: Natural Resources | C9: Florida | D9: 5394 | E9: 71107 | F9: 37717
A10: 2020 | B10: Natural Resources | C10: Georgia | D10: 2794 | E10: 29309 | F10: 45978
A11: 2020 | B11: Natural Resources | C11: Idaho | D11: 2531 | E11: 27020 | F11: 42820
A12: 2020 | B12: Natural Resources | C12: Illinois | D12: 2818 | E12: 24933 | F12: 52259
A13: 2020 | B13: Natural Resources | C13: Indiana | D13: 2302 | E13: 20872 | F13: 50732
... A1919: 2017 | B1919: Other Services | C1919: Wyoming | D1919: 1656 | E1919: 7231 | F1919: 35035

Sheet Populations
A1: State | B1: Population
A2: Alabama | B2: 4887871
A3: Arizona | B3: 7171646
A4: Arkansas | B4: 3013825
A5: California | B5: 39557045
A6: Colorado | B6: 5695564
A7: Connecticut | B7: 3572665
A8: Delaware | B8: 967171
A9: Florida | B9: 21670000
A10: Georgia | B10: 10519475
A11: Idaho | B11: 1754208
A12: Illinois | B12: 12741080
A13: Indiana | B13: 6691878
... A49: Wyoming | B49: 577737

Sheet Data Prep
A1: INDUSTRY FILTER | D1: AVG WAGE BY INDUSTRY | H1: AVG WAGE BY INDUSTRY | L1: WAGE & EMPLOYEE TRENDS | S1: Comparison By State
A2: Industry | B2: Selection | D2: Industry | E2: Avg Annual Wage | F2: Selection | H2: Industry | I2: Avg Annual Wage | L2: Year | M2: Avg Wage | N2: Employee | S2: State | T2: Employee | U2: Employees Per 1000 Capita | V2: Avg. Wages | W2: =B19 -> Avg. Wages
A3: Business Services | B3: =Dashboard!B5 -> Business Services | D3: Information | E3: =AVERAGEIFS(Data!F:F,Data!B:B,D3,Data!A:A,'Data Prep'!$B$16) -> 93586.333 | F3: =IF(D3=$B$3,E3,0) -> 0 | H3: Trade & Transportation | I3: =SUMIFS(Data!E:E,Data!B:B,H3,Data!A:A,'Data Prep'!$B$16) -> 26277342 | L3: 2017 | M3: =AVERAGEIFS(Data!F:F,Data!B:B,$B$3,Data!A:A,'Data Prep'!L3) -> 64714.438 | N3: =SUMIFS(Data!E:E,Data!B:B,$B$3,Data!A:A,'Data Prep'!L3) -> 20063464 | S3: Alabama | T3: =SUMIFS(Data!E:E,Data!B:B,$B$3,Data!A:A,$B$16,Data!C:C,'Data Prep'!S3) -> 242419 | U3: =T3/Populations!$B2 * 1000 -> 49.596031 | V3: =AVERAGEIFS(Data!F:F,Data!B:B,'Data Prep'!$B$3,Data!A:A,'Data Prep'!$B$16,Data!C:C,'Data Prep'!S3) -> 62111 | W3: =IF($W$2=$V$2,-V3,U3) -> -62111
A4: Construction | D4: Finance | E4: =AVERAGEIFS(Data!F:F,Data!B:B,D4,Data!A:A,'Data Prep'!$B$16) -> 90040.667 | F4: =IF(D4=$B$3,E4,0) -> 0 | H4: Education & Health | I4: =SUMIFS(Data!E:E,Data!B:B,H4,Data!A:A,'Data Prep'!$B$16) -> 22035033 | L4: 2018 | M4: =AVERAGEIFS(Data!F:F,Data!B:B,$B$3,Data!A:A,'Data Prep'!L4) -> 66836.25 | N4: =SUMIFS(Data!E:E,Data!B:B,$B$3,Data!A:A,'Data Prep'!L4) -> 20594171 | S4: Arizona | T4: =SUMIFS(Data!E:E,Data!B:B,$B$3,Data!A:A,$B$16,Data!C:C,'Data Prep'!S4) -> 431379 | U4: =T4/Populations!$B3 * 1000 -> 60.150627 | V4: =AVERAGEIFS(Data!F:F,Data!B:B,'Data Prep'!$B$3,Data!A:A,'Data Prep'!$B$16,Data!C:C,'Data Prep'!S4) -> 63180 | W4: =IF($W$2=$V$2,-V4,U4) -> -63180
A5: Education & Health | D5: Business Services | E5: =AVERAGEIFS(Data!F:F,Data!B:B,D5,Data!A:A,'Data Prep'!$B$16) -> 74713.062 | F5: =IF(D5=$B$3,E5,0) -> 74713.062 | H5: Business Services | I5: =SUMIFS(Data!E:E,Data!B:B,H5,Data!A:A,'Data Prep'!$B$16) -> 20065896 | L5: 2019 | M5: =AVERAGEIFS(Data!F:F,Data!B:B,$B$3,Data!A:A,'Data Prep'!L5) -> 69592.167 | N5: =SUMIFS(Data!E:E,Data!B:B,$B$3,Data!A:A,'Data Prep'!L5) -> 20961286 | S5: Arkansas | T5: =SUMIFS(Data!E:E,Data!B:B,$B$3,Data!A:A,$B$16,Data!C:C,'Data Prep'!S5) -> 139300 | U5: =T5/Populations!$B4 * 1000 -> 46.220335 | V5: =AVERAGEIFS(Data!F:F,Data!B:B,'Data Prep'!$B$3,Data!A:A,'Data Prep'!$B$16,Data!C:C,'Data Prep'!S5) -> 68067 | W5: =IF($W$2=$V$2,-V5,U5) -> -68067
A6: Finance | D6: Manufacturing | E6: =AVERAGEIFS(Data!F:F,Data!B:B,D6,Data!A:A,'Data Prep'!$B$16) -> 68427.875 | F6: =IF(D6=$B$3,E6,0) -> 0 | H6: Leisure & Hospitality | I6: =SUMIFS(Data!E:E,Data!B:B,H6,Data!A:A,'Data Prep'!$B$16) -> 12649500 | L6: 2020 | M6: =AVERAGEIFS(Data!F:F,Data!B:B,$B$3,Data!A:A,'Data Prep'!L6) -> 74713.062 | N6: =SUMIFS(Data!E:E,Data!B:B,$B$3,Data!A:A,'Data Prep'!L6) -> 20065896 | S6: California | T6: =SUMIFS(Data!E:E,Data!B:B,$B$3,Data!A:A,$B$16,Data!C:C,'Data Prep'!S6) -> 2600604 | U6: =T6/Populations!$B5 * 1000 -> 65.743131 | V6: =AVERAGEIFS(Data!F:F,Data!B:B,'Data Prep'!$B$3,Data!A:A,'Data Prep'!$B$16,Data!C:C,'Data Prep'!S6) -> 106486 | W6: =IF($W$2=$V$2,-V6,U6) -> -106486
A7: Information | D7: Construction | E7: =AVERAGEIFS(Data!F:F,Data!B:B,D7,Data!A:A,'Data Prep'!$B$16) -> 63896.896 | F7: =IF(D7=$B$3,E7,0) -> 0 | H7: Manufacturing | I7: =SUMIFS(Data!E:E,Data!B:B,H7,Data!A:A,'Data Prep'!$B$16) -> 12058694 | S7: Colorado | T7: =SUMIFS(Data!E:E,Data!B:B,$B$3,Data!A:A,$B$16,Data!C:C,'Data Prep'!S7) -> 430367 | U7: =T7/Populations!$B6 * 1000 -> 75.561788 | V7: =AVERAGEIFS(Data!F:F,Data!B:B,'Data Prep'!$B$3,Data!A:A,'Data Prep'!$B$16,Data!C:C,'Data Prep'!S7) -> 90744 | W7: =IF($W$2=$V$2,-V7,U7) -> -90744
A8: Leisure & Hospitality | D8: Natural Resources | E8: =AVERAGEIFS(Data!F:F,Data!B:B,D8,Data!A:A,'Data Prep'!$B$16) -> 55605.938 | F8: =IF(D8=$B$3,E8,0) -> 0 | H8: Finance | I8: =SUMIFS(Data!E:E,Data!B:B,H8,Data!A:A,'Data Prep'!$B$16) -> 8142043 | S8: Connecticut | T8: =SUMIFS(Data!E:E,Data!B:B,$B$3,Data!A:A,$B$16,Data!C:C,'Data Prep'!S8) -> 206629 | U8: =T8/Populations!$B7 * 1000 -> 57.836097 | V8: =AVERAGEIFS(Data!F:F,Data!B:B,'Data Prep'!$B$3,Data!A:A,'Data Prep'!$B$16,Data!C:C,'Data Prep'!S8) -> 95714 | W8: =IF($W$2=$V$2,-V8,U8) -> -95714
A9: Manufacturing | D9: Education & Health | E9: =AVERAGEIFS(Data!F:F,Data!B:B,D9,Data!A:A,'Data Prep'!$B$16) -> 53607.208 | F9: =IF(D9=$B$3,E9,0) -> 0 | H9: Construction | I9: =SUMIFS(Data!E:E,Data!B:B,H9,Data!A:A,'Data Prep'!$B$16) -> 7136444 | S9: Delaware | T9: =SUMIFS(Data!E:E,Data!B:B,$B$3,Data!A:A,$B$16,Data!C:C,'Data Prep'!S9) -> 61669 | U9: =T9/Populations!$B8 * 1000 -> 63.762251 | V9: =AVERAGEIFS(Data!F:F,Data!B:B,'Data Prep'!$B$3,Data!A:A,'Data Prep'!$B$16,Data!C:C,'Data Prep'!S9) -> 85651 | W9: =IF($W$2=$V$2,-V9,U9) -> -85651
A10: Natural Resources | D10: Trade & Transportation | E10: =AVERAGEIFS(Data!F:F,Data!B:B,D10,Data!A:A,'Data Prep'!$B$16) -> 49366.812 | F10: =IF(D10=$B$3,E10,0) -> 0 | H10: Other Services | I10: =SUMIFS(Data!E:E,Data!B:B,H10,Data!A:A,'Data Prep'!$B$16) -> 3843699 | S10: Florida | T10: =SUMIFS(Data!E:E,Data!B:B,$B$3,Data!A:A,$B$16,Data!C:C,'Data Prep'!S10) -> 1358317 | U10: =T10/Populations!$B9 * 1000 -> 62.68191 | V10: =AVERAGEIFS(Data!F:F,Data!B:B,'Data Prep'!$B$3,Data!A:A,'Data Prep'!$B$16,Data!C:C,'Data Prep'!S10) -> 68223 | W10: =IF($W$2=$V$2,-V10,U10) -> -68223
A11: Other Services | D11: Other Services | E11: =AVERAGEIFS(Data!F:F,Data!B:B,D11,Data!A:A,'Data Prep'!$B$16) -> 40790.188 | F11: =IF(D11=$B$3,E11,0) -> 0 | H11: Information | I11: =SUMIFS(Data!E:E,Data!B:B,H11,Data!A:A,'Data Prep'!$B$16) -> 2677815 | S11: Georgia | T11: =SUMIFS(Data!E:E,Data!B:B,$B$3,Data!A:A,$B$16,Data!C:C,'Data Prep'!S11) -> 692452 | U11: =T11/Populations!$B10 * 1000 -> 65.825718 | V11: =AVERAGEIFS(Data!F:F,Data!B:B,'Data Prep'!$B$3,Data!A:A,'Data Prep'!$B$16,Data!C:C,'Data Prep'!S11) -> 76331 | W11: =IF($W$2=$V$2,-V11,U11) -> -76331
A12: Trade & Transportation | D12: Leisure & Hospitality | E12: =AVERAGEIFS(Data!F:F,Data!B:B,D12,Data!A:A,'Data Prep'!$B$16) -> 23286.417 | F12: =IF(D12=$B$3,E12,0) -> 0 | H12: Natural Resources | I12: =SUMIFS(Data!E:E,Data!B:B,H12,Data!A:A,'Data Prep'!$B$16) -> 1762873 | S12: Idaho | T12: =SUMIFS(Data!E:E,Data!B:B,$B$3,Data!A:A,$B$16,Data!C:C,'Data Prep'!S12) -> 97097 | U12: =T12/Populations!$B11 * 1000 -> 55.350905 | V12: =AVERAGEIFS(Data!F:F,Data!B:B,'Data Prep'!$B$3,Data!A:A,'Data Prep'!$B$16,Data!C:C,'Data Prep'!S12) -> 59743 | W12: =IF($W$2=$V$2,-V12,U12) -> -59743
S13: Illinois | T13: =SUMIFS(Data!E:E,Data!B:B,$B$3,Data!A:A,$B$16,Data!C:C,'Data Prep'!S13) -> 892150 | U13: =T13/Populations!$B12 * 1000 -> 70.021537 | V13: =AVERAGEIFS(Data!F:F,Data!B:B,'Data Prep'!$B$3,Data!A:A,'Data Prep'!$B$16,Data!C:C,'Data Prep'!S13) -> 83889 | W13: =IF($W$2=$V$2,-V13,U13) -> -83889
S14: Indiana | T14: =SUMIFS(Data!E:E,Data!B:B,$B$3,Data!A:A,$B$16,Data!C:C,'Data Prep'!S14) -> 326745 | U14: =T14/Populations!$B13 * 1000 -> 48.827101 | V14: =AVERAGEIFS(Data!F:F,Data!B:B,'Data Prep'!$B$3,Data!A:A,'Data Prep'!$B$16,Data!C:C,'Data Prep'!S14) -> 58578 | W14: =IF($W$2=$V$2,-V14,U14) -> -58578
A15: DATE FILTER | H15: EMPLOYEES BY INDUSTRY (CLEAN) | S15: Iowa | T15: =SUMIFS(Data!E:E,Data!B:B,$B$3,Data!A:A,$B$16,Data!C:C,'Data Prep'!S15) -> 134822 | U15: =T15/Populations!$B14 * 1000 -> 42.717302 | V15: =AVERAGEIFS(Data!F:F,Data!B:B,'Data Prep'!$B$3,Data!A:A,'Data Prep'!$B$16,Data!C:C,'Data Prep'!S15) -> 61793 | W15: =IF($W$2=$V$2,-V15,U15) -> -61793
A16: Current Year : | B16: 2020 | H16: Industry | I16: Employees | S16: Kansas | T16: =SUMIFS(Data!E:E,Data!B:B,$B$3,Data!A:A,$B$16,Data!C:C,'Data Prep'!S16) -> 168813 | U16: =T16/Populations!$B15 * 1000 -> 57.981353 | V16: =AVERAGEIFS(Data!F:F,Data!B:B,'Data Prep'!$B$3,Data!A:A,'Data Prep'!$B$16,Data!C:C,'Data Prep'!S16) -> 69538 | W16: =IF($W$2=$V$2,-V16,U16) -> -69538
H17: =B3 -> Business Services | I17: =VLOOKUP(B3,H2:I12,2,0) -> 20065896 | S17: Kentucky | T17: =SUMIFS(Data!E:E,Data!B:B,$B$3,Data!A:A,$B$16,Data!C:C,'Data Prep'!S17) -> 207575 | U17: =T17/Populations!$B16 * 1000 -> 46.453967 | V17: =AVERAGEIFS(Data!F:F,Data!B:B,'Data Prep'!$B$3,Data!A:A,'Data Prep'!$B$16,Data!C:C,'Data Prep'!S17) -> 55987 | W17: =IF($W$2=$V$2,-V17,U17) -> -55987
A18: MAP FILTER | H18: Others | I18: =SUM(I3:I12)-I17 -> 96583443 | S18: Louisiana | T18: =SUMIFS(Data!E:E,Data!B:B,$B$3,Data!A:A,$B$16,Data!C:C,'Data Prep'!S18) -> 204729 | U18: =T18/Populations!$B17 * 1000 -> 43.933469 | V18: =AVERAGEIFS(Data!F:F,Data!B:B,'Data Prep'!$B$3,Data!A:A,'Data Prep'!$B$16,Data!C:C,'Data Prep'!S18) -> 60136 | W18: =IF($W$2=$V$2,-V18,U18) -> -60136
A19: Metrics : | B19: =IF(Dashboard!A2=1,'Data Prep'!V2,'Data Prep'!U2) -> Avg. Wages | S19: Maine | T19: =SUMIFS(Data!E:E,Data!B:B,$B$3,Data!A:A,$B$16,Data!C:C,'Data Prep'!S19) -> 68952 | U19: =T19/Populations!$B18 * 1000 -> 51.518077 | V19: =AVERAGEIFS(Data!F:F,Data!B:B,'Data Prep'!$B$3,Data!A:A,'Data Prep'!$B$16,Data!C:C,'Data Prep'!S19) -> 66178 | W19: =IF($W$2=$V$2,-V19,U19) -> -66178
H20: Percentage : | I20: =I17/SUM(I17:I18) -> 0.17201894 | S20: Maryland | T20: =SUMIFS(Data!E:E,Data!B:B,$B$3,Data!A:A,$B$16,Data!C:C,'Data Prep'!S20) -> 441860 | U20: =T20/Populations!$B19 * 1000 -> 73.122724 | V20: =AVERAGEIFS(Data!F:F,Data!B:B,'Data Prep'!$B$3,Data!A:A,'Data Prep'!$B$16,Data!C:C,'Data Prep'!S20) -> 88391 | W20: =IF($W$2=$V$2,-V20,U20) -> -88391
S21: Massachusetts | T21: =SUMIFS(Data!E:E,Data!B:B,$B$3,Data!A:A,$B$16,Data!C:C,'Data Prep'!S21) -> 583792 | U21: =T21/Populations!$B20 * 1000 -> 84.581193 | V21: =AVERAGEIFS(Data!F:F,Data!B:B,'Data Prep'!$B$3,Data!A:A,'Data Prep'!$B$16,Data!C:C,'Data Prep'!S21) -> 124638 | W21: =IF($W$2=$V$2,-V21,U21) -> -124638
S22: Michigan | T22: =SUMIFS(Data!E:E,Data!B:B,$B$3,Data!A:A,$B$16,Data!C:C,'Data Prep'!S22) -> 599657 | U22: =T22/Populations!$B21 * 1000 -> 59.990206 | V22: =AVERAGEIFS(Data!F:F,Data!B:B,'Data Prep'!$B$3,Data!A:A,'Data Prep'!$B$16,Data!C:C,'Data Prep'!S22) -> 76432 | W22: =IF($W$2=$V$2,-V22,U22) -> -76432
S23: Minnesota | T23: =SUMIFS(Data!E:E,Data!B:B,$B$3,Data!A:A,$B$16,Data!C:C,'Data Prep'!S23) -> 361183 | U23: =T23/Populations!$B22 * 1000 -> 64.368469 | V23: =AVERAGEIFS(Data!F:F,Data!B:B,'Data Prep'!$B$3,Data!A:A,'Data Prep'!$B$16,Data!C:C,'Data Prep'!S23) -> 91033 | W23: =IF($W$2=$V$2,-V23,U23) -> -91033
S24: Mississippi | T24: =SUMIFS(Data!E:E,Data!B:B,$B$3,Data!A:A,$B$16,Data!C:C,'Data Prep'!S24) -> 107758 | U24: =T24/Populations!$B23 * 1000 -> 36.356655 | V24: =AVERAGEIFS(Data!F:F,Data!B:B,'Data Prep'!$B$3,Data!A:A,'Data Prep'!$B$16,Data!C:C,'Data Prep'!S24) -> 45573 | W24: =IF($W$2=$V$2,-V24,U24) -> -45573
S25: Missouri | T25: =SUMIFS(Data!E:E,Data!B:B,$B$3,Data!A:A,$B$16,Data!C:C,'Data Prep'!S25) -> 365657 | U25: =T25/Populations!$B24 * 1000 -> 59.684953 | V25: =AVERAGEIFS(Data!F:F,Data!B:B,'Data Prep'!$B$3,Data!A:A,'Data Prep'!$B$16,Data!C:C,'Data Prep'!S25) -> 72666 | W25: =IF($W$2=$V$2,-V25,U25) -> -72666
S26: Montana | T26: =SUMIFS(Data!E:E,Data!B:B,$B$3,Data!A:A,$B$16,Data!C:C,'Data Prep'!S26) -> 43549 | U26: =T26/Populations!$B25 * 1000 -> 40.994818 | V26: =AVERAGEIFS(Data!F:F,Data!B:B,'Data Prep'!$B$3,Data!A:A,'Data Prep'!$B$16,Data!C:C,'Data Prep'!S26) -> 59785 | W26: =IF($W$2=$V$2,-V26,U26) -> -59785
S27: Nebraska | T27: =SUMIFS(Data!E:E,Data!B:B,$B$3,Data!A:A,$B$16,Data!C:C,'Data Prep'!S27) -> 117288 | U27: =T27/Populations!$B26 * 1000 -> 60.794042 | V27: =AVERAGEIFS(Data!F:F,Data!B:B,'Data Prep'!$B$3,Data!A:A,'Data Prep'!$B$16,Data!C:C,'Data Prep'!S27) -> 65292 | W27: =IF($W$2=$V$2,-V27,U27) -> -65292
S28: Nevada | T28: =SUMIFS(Data!E:E,Data!B:B,$B$3,Data!A:A,$B$16,Data!C:C,'Data Prep'!S28) -> 179092 | U28: =T28/Populations!$B27 * 1000 -> 59.02072 | V28: =AVERAGEIFS(Data!F:F,Data!B:B,'Data Prep'!$B$3,Data!A:A,'Data Prep'!$B$16,Data!C:C,'Data Prep'!S28) -> 67081 | W28: =IF($W$2=$V$2,-V28,U28) -> -67081
S29: New Hampshire | T29: =SUMIFS(Data!E:E,Data!B:B,$B$3,Data!A:A,$B$16,Data!C:C,'Data Prep'!S29) -> 81639 | U29: =T29/Populations!$B28 * 1000 -> 60.185424 | V29: =AVERAGEIFS(Data!F:F,Data!B:B,'Data Prep'!$B$3,Data!A:A,'Data Prep'!$B$16,Data!C:C,'Data Prep'!S29) -> 88167 | W29: =IF($W$2=$V$2,-V29,U29) -> -88167
S30: New Jersey | T30: =SUMIFS(Data!E:E,Data!B:B,$B$3,Data!A:A,$B$16,Data!C:C,'Data Prep'!S30) -> 643507 | U30: =T30/Populations!$B29 * 1000 -> 72.235006 | V30: =AVERAGEIFS(Data!F:F,Data!B:B,'Data Prep'!$B$3,Data!A:A,'Data Prep'!$B$16,Data!C:C,'Data Prep'!S30) -> 102666 | W30: =IF($W$2=$V$2,-V30,U30) -> -102666
S31: New Mexico | T31: =SUMIFS(Data!E:E,Data!B:B,$B$3,Data!A:A,$B$16,Data!C:C,'Data Prep'!S31) -> 107707 | U31: =T31/Populations!$B30 * 1000 -> 51.400955 | V31: =AVERAGEIFS(Data!F:F,Data!B:B,'Data Prep'!$B$3,Data!A:A,'Data Prep'!$B$16,Data!C:C,'Data Prep'!S31) -> 69938 | W31: =IF($W$2=$V$2,-V31,U31) -> -69938
S32: New York | T32: =SUMIFS(Data!E:E,Data!B:B,$B$3,Data!A:A,$B$16,Data!C:C,'Data Prep'!S32) -> 1242471 | U32: =T32/Populations!$B31 * 1000 -> 63.578841 | V32: =AVERAGEIFS(Data!F:F,Data!B:B,'Data Prep'!$B$3,Data!A:A,'Data Prep'!$B$16,Data!C:C,'Data Prep'!S32) -> 109413 | W32: =IF($W$2=$V$2,-V32,U32) -> -109413
... S50: Wyoming | T50: =SUMIFS(Data!E:E,Data!B:B,$B$3,Data!A:A,$B$16,Data!C:C,'Data Prep'!S50) -> 18382 | U50: =T50/Populations!$B49 * 1000 -> 31.817246 | V50: =AVERAGEIFS(Data!F:F,Data!B:B,'Data Prep'!$B$3,Data!A:A,'Data Prep'!$B$16,Data!C:C,'Data Prep'!S50) -> 60233 | W50: =IF($W$2=$V$2,-V50,U50) -> -60233

Sheet Dashboard
A1: 8
A2: 1
B5: {=INDEX('Data Prep'!D3:D12,11-Dashboard!A1)} -> Business Services
